Link Name,SW Components,Axis Name,Joint Name,Joint Type,Joint Origin X,Joint Origin Y,Joint Origin Z,Joint Origin Roll,Joint Origin Pitch,Joint Origin Yaw,Parent,Joint Axis X,Joint Axis Y,Joint Axis Z,Limit Effort,Limit Velocity,Limit Lower,Limit Upper,
base_link,000_dipanzhaungpei-1,,,,0,0,0,0,0,0,,0,0,0,,,,,底盘
cheshen,pjjq-cheshen-1,1z,base_to_cheshen,continuous,0,0,0.72,0,0,0,base_link,0,0,-1,,,,,车身
pjjq03,pjjq-03-1,3y,cheshen_to_03,revolute,-0.009,0,1.0372,0,0,0,cheshen,0,1,0,0,1,1.7,0,动臂
yg1480,yg1480mm-01-1,11y,03_to_1480,revolute,2.7108,0,2.1303,0,1.4036,0,pjjq03,0,-1,0,0,1,1.7,0,动臂油缸1
yg1480_2,yg1480mm-02-1,11z,1480_1_to_2,prismatic,0,0,0.7811,0,0,0,yg1480,0,0,-1,0,1,0.5,0,动臂油缸2
pjjq04,pjjq-04-1,10y,03_to_04,revolute,5.4177,0,1.706,0,1.2726,0,pjjq03,0,1,0,0,1,1.7,0,抖臂
yg1050,yg1050mm-01-1,17y,04_to_1050,revolute,0.40628,0,0.76931,-3.1416,1.4945,-3.1416,pjjq04,0,-1,0,0,1,1.7,0,抖臂油缸1
yg1050_2,yg1050mm-02-1,17z,1050_1_to_2,prismatic,0,0,1.0701,0,0,0,yg1050,0,0,-1,0,1,0.5,0,抖臂油缸2
pjjq05_2,pjjq-05-2,15y,04_to_05_2,revolute,2.4617,0.17,0.17367,0,0.84777,0,pjjq04,0,1,0,0,1,1.7,0,摇杆左
pjjq05_1,pjjq-05-1,15y,04_to_05_1,revolute,2.4617,-0.17,0.17367,0,0.84777,0,pjjq04,0,1,0,0,1,1.7,0,摇杆右
chandou,铲斗1-2,14y,o4_to_chandou,revolute,2.9111,0,0.15097,0,1.4717,0,pjjq04,0,1,0,0,1,1.7,0,铲斗板
pjjq06,pjjq-06-1,20y,chandou_to_06,revolute,-0.10419,0,0.59088,0,0.53327,0,chandou,0,-1,0,0,1,1.7,0,铲斗板
yg1220_1_1,yg1220mm-01-1,4y,cheshen_to_1220_1,revolute,0.461,0.31,0.44,0,0.55538,0,cheshen,0,1,0,0,1,1.7,0,车身油缸1
yg1220_1_2,yg1220mm-02-1,4z,1220_1,prismatic,0,0,0.95471,0,0,0,yg1220_1_1,0,0,-1,0,1,0.5,0,车身油缸2
yg1220_2_1,yg1220mm-01-2,4y,cheshen_to_1220_2,revolute,0.461,-0.31,0.44,0,0.55538,0,cheshen,0,1,0,0,1,1.7,0,车身油缸3
yg1220_2_2,yg1220mm-02-2,5z,1220_2,prismatic,0,0,0.95471,0,0,0,yg1220_2_1,0,0,-1,0,1,0.5,0,车身油缸4
